Marshmallow Pillows,White,Bedding,12.99,300
Throw Blanket,Graham Cracker,Bedding,21.99,250
Bed Sheets,Chocolate,Bedding,21.99,300
Vinyl Sunglasses,Gold,Accessories,8.99,400
Vinyl Sunglasses,Clear,Accessories,11.99,350
Wooden Watch,Walnut,Accessories,19.99,100
Wooden Watch,Bamboo,Accessories,28.99,100
Viper Tank top,Black/Gold,Clothing,15.99,150
Scrabble Tank top,assortment,Clothing,15.99,120
6ft Stickman Standing Floor Lamp,Bamboo,Furniture,168.99,40
Tron Design Contemporary Ottoman Chair,Black/Teal,Furniture,124.58,50
